docid,url,wiki_topic1,wiki_topic2,wiki_topic3,wiki_topic4,other,title,year
329407,http://tarski.cs-i.brandeis.edu:8181/data/329407/pdf.pdf,List_of_alloys,Amorphous_metal,Projectile,,,development of compositionally graded metallic glass alloys with desirable properties,2016
28270,http://tarski.cs-i.brandeis.edu:8181/data/28270/pdf.pdf,Spectroscopy,Fluid_mechanics,fluid_dynamics,,,projections of plasma cloud structures and their spectra,1985
25608,http://tarski.cs-i.brandeis.edu:8181/data/25608/pdf.pdf,Elastic_and_plastic_strain,Structural load,cantilever,,,efficient elastic-plastic design of small foundations,1982
2336,http://tarski.cs-i.brandeis.edu:8181/data/2336/pdf.pdf,Ultra_high_frequency,Cloud_chamber,Barium,,,analysis of UHF radar data-stress series,1978
31128,http://tarski.cs-i.brandeis.edu:8181/data/31128/pdf.pdf,Seismic_wave,nuclear_explosion,seismogram,,,forward and inverse modeling of near-field seismic waveforms from underground nuclear explosions for effective source functions and structure parameters,1987
124609,http://tarski.cs-i.brandeis.edu:8181/data/124609/pdf.pdf,soil,shear_strength_(soil),Aircraft_tire,,,prediction of aircraft ground performance by evaluation of ground vehicle rut depths,1974
309128,http://tarski.cs-i.brandeis.edu:8181/data/309128/pdf.pdf,Optimal_control,Permanent_magnet_synchronous_generator,Load_bank,,,parameter estimation for generator simulation studies,1977
318656,http://tarski.cs-i.brandeis.edu:8181/data/318656/pdf.pdf,Nuclear_fallout,Radioactive_contamination,Surface_runoff,,,evaluation of fallout contamination from surface runoff,1969
17039,http://tarski.cs-i.brandeis.edu:8181/data/17039/pdf.pdf,Chemical_kinetics,Nitrous_oxide,Atmosphere_of_Earth,,,the atmospheric chemical kinetics of N2O,1965
30477,http://tarski.cs-i.brandeis.edu:8181/data/30477/pdf.pdf,Marshal_of_the_Soviet_Union,Soviet_Union,Military_science,,,Marshall Ogarkov on modern war 1977-1985,1987
306415,http://tarski.cs-i.brandeis.edu:8181/data/306415/pdf.pdf,Nuclear_fallout,Mushroom_cloud,Meteorology,,,development of an improved land-surface fallout model,1966
6452,http://tarski.cs-i.brandeis.edu:8181/data/6452/pdf.pdf,Single-event_upset,Proton,MIPS_architecture,R3000,,high energy proten SEU* test results for the commercially available MIPS R3000 microprocessor and R3010 floating point unit**,1991
27360,http://tarski.cs-i.brandeis.edu:8181/data/27360/pdf.pdf,Shock_wave,Shock_tube,,,,some aspects of shock-wave research,1986
379,http://tarski.cs-i.brandeis.edu:8181/data/379/pdf.pdf,Monocyte,Antibody,Monoclonal_antibody,Flow_cytometry,,rat monocytes in a model of combined injury express the OX8 antigen,1987
140438,http://tarski.cs-i.brandeis.edu:8181/data/140438/pdf.pdf,Semiconductor,Radiation_hardening,Silicon_on_sapphire,,,complementary-symmetry / metal oxide semiconductor (CMOS) circuit hardening,1975
2033,http://tarski.cs-i.brandeis.edu:8181/data/2033/pdf.pdf,ILLIAC_IV,Serial_computer,,,,MAZE 3 - a sequential computer spectral enhancement code,1973
6361,http://tarski.cs-i.brandeis.edu:8181/data/6361/pdf.pdf,MESFET,Gallium_arsenide,Radiation,,,charge collection in GaAs MESFETs and MOSFETs,1991
6561,http://tarski.cs-i.brandeis.edu:8181/data/6561/pdf.pdf,Scintillation_(radar),Space-based_radar,Ionosphere,,,the impact of strong scintillation on space based radar design-nonherent detection,1983
121982,http://tarski.cs-i.brandeis.edu:8181/data/121982/pdf.pdf,Density_of_air,Accelerometer,,,,a triaxial accelerometer system for air density measurements,1972
27516,http://tarski.cs-i.brandeis.edu:8181/data/27516/pdf.pdf,Fallout_shelter,"Livermore,_California",Nuclear_warfare,,,community shelter report,1962
9836,http://tarski.cs-i.brandeis.edu:8181/data/9836/pdf.pdf,Radiation,Nuclear_fallout_effects_on_an_ecosystem,Salmon,Salmon_Site,,project dribble - salmon event on-site health and safety report ,1965
12396,http://tarski.cs-i.brandeis.edu:8181/data/12396/pdf.pdf,Operation_Hardtack_II,Nuclear_detonation_detection_system,Combat_effectiveness,,,operation Hardtack project 4.3 effect of light from very-low-yield nuclear detonations on vision (dazzle) of combat personnel,1958
21481,http://tarski.cs-i.brandeis.edu:8181/data/21481/pdf.pdf,Blast_wave,Nuclear_explosion,,,,dynamic pressure impulse for near-ideal and non-ideal blast waves - height of burst charts (u),1981
299459,http://tarski.cs-i.brandeis.edu:8181/data/299459/pdf.pdf,National_security,Terrorism,Social_science,Complex_system,,verification and validation of social science simulations: some thoughts for consideration in national security applications,2007
135935,http://tarski.cs-i.brandeis.edu:8181/data/135935/pdf.pdf,Kelvin–Helmholtz_instability,Turbulence,Nuclear_explosion,,,the Kelvin-Helmholtz instability and turbulent mixing,1975
20465,http://tarski.cs-i.brandeis.edu:8181/data/20465/pdf.pdf,Barium,Ionosphere,Cloud,,,coupled barium cloud-ionosphere systems 3. neutral wind effects in the small cloud approximation,1974
154,http://tarski.cs-i.brandeis.edu:8181/data/154/pdf.pdf,Phorbol_esters,Bay_K8644,Aorta,Calcium_channel,,Effects of a phorbol ester on rat aortic contraction and calcium influx in the presence and absence of BAY k 8644 ,1987
28019,http://tarski.cs-i.brandeis.edu:8181/data/28019/pdf.pdf,Radiative_transfer,Radiation,Lambertian_reflectance,,,the delta-four-stream approximation for radiative flux transfer,1982
22355,http://tarski.cs-i.brandeis.edu:8181/data/22355/pdf.pdf,Amchitka,Seismology,Earthquake,,,a comparison of long shot and earthquakes,1967
12096,http://tarski.cs-i.brandeis.edu:8181/data/12096/pdf.pdf,Personal_protective_equipment,Electromagnetic_radiation_and_health,,,,evaluation of military individual and collective protection devices and clothing,1952
4701,http://tarski.cs-i.brandeis.edu:8181/data/4701/pdf.pdf,Rock_mechanics,Nuclear_explosion,Geodynamics,,,"the problem of induced ""block motion"" related to deep underground strategic facilities - a summary",1977
136005,http://tarski.cs-i.brandeis.edu:8181/data/136005/pdf.pdf,Nuclear_fallout,Gamma_ray,Terrain,,,the effects of a changing gamma-ray fallout spectrum on the ground roughness factor,1965
24544,http://tarski.cs-i.brandeis.edu:8181/data/24544/pdf.pdf,Millstone_Hill,Radio_propagation,Satellite_watching,,,Millstone Hill radar propagtion study: instrumentation,1973
11843,http://tarski.cs-i.brandeis.edu:8181/data/11843/pdf.pdf,Operation_Plumbbob,Blast_wave,Nuclear_weapons_testing,,,operation Plumbbob project 33.2 secondary missiles generated by nuclear-produced blast waves,1963
18356,http://tarski.cs-i.brandeis.edu:8181/data/18356/pdf.pdf,Photoelectric_effect,X-ray,Emission_spectrum,,,absolute yields of x-ray induced photoemission from metals,1972
11723,http://tarski.cs-i.brandeis.edu:8181/data/11723/pdf.pdf,Operation_Upshot–Knothole,Convair_B-36_Peacemaker,,,,operation Upshot-Knothole project 5.3 blast effects on B-36 type aircraft in flight,1955
19976,http://tarski.cs-i.brandeis.edu:8181/data/19976/pdf.pdf,Ballistic_coefficient,Plasma_(physics),Infrared,,Collisional-Radiative Model,departure from LTE in an oxygen plasma II. collisional-radiative model,1974
1465,http://tarski.cs-i.brandeis.edu:8181/data/1465/pdf.pdf,Pyrolysis,Cellulose,Thermal_radiation,,,stable pyrolysis products of cellulose exposed to intense thermal radiation,1965
30688,http://tarski.cs-i.brandeis.edu:8181/data/30688/pdf.pdf,Seismic_array,Triangulation,,,,a master event strategy for location with seismic array data,1986
27124,http://tarski.cs-i.brandeis.edu:8181/data/27124/pdf.pdf,Nuclear_fallout,Nuclear_warfare,,,,"comments on ""minimizing the consequences of nuclear warfare"" by Carl Sagan",1986
313241,http://tarski.cs-i.brandeis.edu:8181/data/313241/pdf.pdf,Nuclear_weapons_testing,Nevada_Test_Site,Radiation_exposure,Operation_Charioteer,,"operations Charioteer, Musketeer, Touchstone, Cornerstone, Aqueduct, Sculpin and Julin",1999
331404,http://tarski.cs-i.brandeis.edu:8181/data/331404/pdf.pdf,Operation_Dominic,Gamma_ray,Mushroom_cloud,,,"operation Dominic, fish bowl series project operator's report - project 6.2 Gamma-ray scanning of debris cloud",1964
297823,http://tarski.cs-i.brandeis.edu:8181/data/297823/pdf.pdf,Aceh,Tsunami,Social_constructionism,,,"a window of opportunity for Aceh, Indonesia post-tsunami: historic continuity, current points of interest, and a pattern Output of the cultural simulation model",
806,http://tarski.cs-i.brandeis.edu:8181/data/806/pdf.pdf,Neutron,BREN_Tower,Nuclear_weapons_testing,,,neutron-field and induced-activity measurements - operation Bren,1965
19426,http://tarski.cs-i.brandeis.edu:8181/data/19426/pdf.pdf,Bremsstrahlung,Plasma_diagnostics,Cathode_ray,,,applicability of absorber-ratio methods to beam-plasma systems,1974
307122,http://tarski.cs-i.brandeis.edu:8181/data/307122/pdf.pdf,Chemical_laser,Gas-phase_ion_chemistry,Ruby_laser,,,chemical laser reactions cross-section measurements,1974
220,http://tarski.cs-i.brandeis.edu:8181/data/220/pdf.pdf,Area_postrema,Cauterization,Animal_testing,,,preparation and care of the area postrema-lesioned cat,1989
27150,http://tarski.cs-i.brandeis.edu:8181/data/27150/pdf.pdf,Heterodyne,Adaptive_optics,Turbulence,,,optical heterodyne detection of an atmospherically distorted signal wave front,1999
3548,http://tarski.cs-i.brandeis.edu:8181/data/3548/pdf.pdf,Space-based_radar,Scintillation_(radar),Absorption_(electromagnetic_radiation),,,propagation effects in space-based surveillance systems,1982
1413,http://tarski.cs-i.brandeis.edu:8181/data/1413/pdf.pdf,Plasma_(physics),Equation_of_state,Opacity_(optics),,,a study of equations of state/opacity of ionized gases,1971
2257,http://tarski.cs-i.brandeis.edu:8181/data/2257/pdf.pdf,Cathode_ray,Phenol,Magnetic_field,Ablation,,electron beam conditioning of carbon phenolic ablator surface,1978
261975,http://tarski.cs-i.brandeis.edu:8181/data/261975/pdf.pdf,Grumman_F-14_Tomcat,Scale_model,Air_Force_Research_Laboratory,,,"F-14 scale model measurements part I, external response",1983
9476,http://tarski.cs-i.brandeis.edu:8181/data/9476/pdf.pdf,Radiation,Nuclear_fallout_effects_on_an_ecosystem,Salmon,Salmon_Site,,project dribble - salmon event ground-water safety,1965
11969,http://tarski.cs-i.brandeis.edu:8181/data/11969/pdf.pdf,Operation_Teapot,Nuclear_weapons_testing,Data_storage,,,operation Teapot Nevada test site project 35.5 effects of a nuclear explosion on records and record storage equipment,1958
161709,http://tarski.cs-i.brandeis.edu:8181/data/161709/pdf.pdf,Operation_Fulcrum,Radiation_protection,Particle_detector,,,operation Fulcrum onsite radiological safety report October 1976 through September 1977,1978
31346,http://tarski.cs-i.brandeis.edu:8181/data/31346/pdf.pdf,Nuclear_explosion,Simulation,Seismology,,,high frequency seismic source characteristics of cavity decoupled underground nuclear explosions,1988
282846,http://tarski.cs-i.brandeis.edu:8181/data/282846/pdf.pdf,Neutron_scattering,Neutron_detection,,,,inelastic neutron scattering cross sections in several elements with 15 MEV neutrons,1967
2590,http://tarski.cs-i.brandeis.edu:8181/data/2590/pdf.pdf,Radiation_hardening,Maxwell's_equations,Compton_scattering,,,the arbitrary body of revolution code (ABORC) for SGEMP/IEMP,1976
23675,http://tarski.cs-i.brandeis.edu:8181/data/23675/pdf.pdf,Wire_bonding,Integrated_circuit,,,,"wire-bond electrical connections: testing, fabrication and degradation -- a bibliography 1957-1971",1972
169,http://tarski.cs-i.brandeis.edu:8181/data/169/pdf.pdf,Prostaglandin,Eicosanoid,Mast_cell,Secretion,,synthesis of prostaglandins and eicosanoids by the mast cell secretory glandule,1988
828,http://tarski.cs-i.brandeis.edu:8181/data/828/pdf.pdf,Radioactive_decay,Aerial_survey,,,,aeroradioactivity survey and areal geology of parts of Ohio and Indiana (ARMS-I) ,1966
162489,http://tarski.cs-i.brandeis.edu:8181/data/162489/pdf.pdf,Ceramic,Polycrystalline_silicon,Acoustic_emission,,,acoustic emission from polycrystalline ceramics,1972
40030,http://tarski.cs-i.brandeis.edu:8181/data/40030/pdf.pdf,Ionization,Shock_wave,Shock_tube,,,study of the initial ionization process in a strong shock wave,1968
1772,http://tarski.cs-i.brandeis.edu:8181/data/1772/pdf.pdf,Atmospheric_focusing,Animal_testing,Atmospheric_pressure,,,the effects of ambient pressure on the tolerance of mice to air blast,1964
140,http://tarski.cs-i.brandeis.edu:8181/data/140/pdf.pdf,Eicosanoid,Radiation_protection,Radiosensitizer,,,a paradoxical role for eicosanoids: radioprotectants and radiosensitizers,1998
4388,http://tarski.cs-i.brandeis.edu:8181/data/4388/pdf.pdf,Bar_(unit),Manganin,Particle_velocity,Kapton,,stress gage system for the megabar range (U),1974
130040,http://tarski.cs-i.brandeis.edu:8181/data/130040/pdf.pdf,Microprocessor,Intel_8080,Radiation_hardening,,,radiation hardened microprocessor,1979
124810,http://tarski.cs-i.brandeis.edu:8181/data/124810/pdf.pdf,Quantum_mechanics,Dissociative_recombination,Diatomic_molecule,,,theoretical study of dissociative-recombination kinetics,1974
132410,http://tarski.cs-i.brandeis.edu:8181/data/132410/pdf.pdf,Electromagnetic_pulse,Wave_propagation,Ionosphere,,,an experimental study of the nonlinear propagation of an electromagnetic pulse through the ionosphere,1976
28393,http://tarski.cs-i.brandeis.edu:8181/data/28393/pdf.pdf,Climate,Global_warming,Climate_model,,,the climatic effects of large injections of atmospheric smoke and dust: a study of climate feedback mechanisms with one- and three-dimensional climate models,1985
146402,http://tarski.cs-i.brandeis.edu:8181/data/146402/pdf.pdf,Thermal_radiation,Naval_aviation,Nuclear_weapons_testing,Operation_Redwing,,"measurement of thermal radiation incident on naval aircraft in flight in operations Redwing, Plumbbob, and Hardtack",1959
326,http://tarski.cs-i.brandeis.edu:8181/data/326/pdf.pdf,Vomiting,Radiation,5-HT3_receptor,,,is all radiation-induced emesis ameliorated by 5-HT3 receptor antagonists?,1992
23297,http://tarski.cs-i.brandeis.edu:8181/data/23297/pdf.pdf,Biometrics,Acute_radiation_syndrome,Animal_testing,,,biometrical analysis of biomedical response data,1972
4569,http://tarski.cs-i.brandeis.edu:8181/data/4569/pdf.pdf,Porous_medium,Cathode_ray,Beryllium,,,characterization of the dynamic behavior of porous solids Volume 4 - electron beam studies of porous beryllium and porous ceramics,1976
22740,http://tarski.cs-i.brandeis.edu:8181/data/22740/pdf.pdf,Radioactive_decay,Underground_nuclear_weapons_testing,Radioactive_contamination,,,"summary information on accidental releases of radioactivity to the atmosphere from underground nuclear detonations designed for containment August 5, 1963 - June 30, 1971",1971
21173,http://tarski.cs-i.brandeis.edu:8181/data/21173/pdf.pdf,Electromagnetic_pulse,High-altitude_platform_station,Gamma_ray,,,"electromagnetic pulse enviroment studies Volume II Late-time, high-altitude electromagnetic pulse code development",1974
36808,http://tarski.cs-i.brandeis.edu:8181/data/36808/pdf.pdf,Microwave,Modulation,Cathode_ray,,,modulation of an intense beam by an external microwave source -- theory and simulation,1987
12475,http://tarski.cs-i.brandeis.edu:8181/data/12475/pdf.pdf,Operation_Dominic,Neutron_flux,Nuclear_weapons_testing,,,"operation Dominic, fish bowl series project officer's report  - project 2.1 External neutron flux measurements",1963
323396,http://tarski.cs-i.brandeis.edu:8181/data/323396/pdf.pdf,Mathematical_model,Electromagnetic_pulse,Simulation,,,theoretical studies of SGEMP field generation,1974
321061,http://tarski.cs-i.brandeis.edu:8181/data/321061/pdf.pdf,Ion,Langmuir_probe,Ionosphere,,,positive ion densities from a rocket borne hemispherical langmuir probe: 40 to 100 km.,1970
11737,http://tarski.cs-i.brandeis.edu:8181/data/11737/pdf.pdf,Operation_Hardtack_II,Nuclear_weapons_testing,Structural_analysis,,,operation Hardtack project 34.1 Physical damage survey of AEC test structures,1962
5300,http://tarski.cs-i.brandeis.edu:8181/data/5300/pdf.pdf,Grout,Borehole,Strong_ground_motion,,,recovery of mill race ground motion canisters and examination of canister emplacement,1983
312319,http://tarski.cs-i.brandeis.edu:8181/data/312319/pdf.pdf,Thermonuclear_weapon,Nuclear_weapon,,,,multimegaton weapons the largest nuclear weapons,2005
31566,http://tarski.cs-i.brandeis.edu:8181/data/31566/pdf.pdf,Radioactive_decay,Denmark,Environmental_monitoring,,marine radioactivity,environmental radioactivity in Denmark in 1986,1988
1609,http://tarski.cs-i.brandeis.edu:8181/data/1609/pdf.pdf,Electromagnetic_spectrum,Gamma_ray,Nuclear_weapon,,,initial radiation spectra definition,1967
7268,http://tarski.cs-i.brandeis.edu:8181/data/7268/pdf.pdf,Nuclear_weapons_testing,Explosion_crater,Digging,,,project dugout: apparent crater studies,1965
38318,http://tarski.cs-i.brandeis.edu:8181/data/38318/pdf.pdf,Sarin,2002_Winter_Olympics,Romania,,,DTRA connection (periodical),2002
6237,http://tarski.cs-i.brandeis.edu:8181/data/6237/pdf.pdf,Survivability,Confidence,Probability_theory,System_testing,,the meaning and utility of confidence,1992
11712,http://tarski.cs-i.brandeis.edu:8181/data/11712/pdf.pdf,Operation_Upshot–Knothole,Nuclear_weapons_testing,Truss,Explosion_protection,,operation upshot-knothole: tests on the loading of truss systems common to open-framed structures,1953
30913,http://tarski.cs-i.brandeis.edu:8181/data/30913/pdf.pdf,Concrete_degradation,Modified_compression_field_theory,Reinforced_concrete,Mixture_theory,,development of advanced constitutive models for plain and reinforced concrete,1987
355,http://tarski.cs-i.brandeis.edu:8181/data/355/pdf.pdf,Radical_(chemistry),DNA,Ionizing_radiation,Radiobiology,,free-radical yields in proton irradiation of oriented DNA: relationship to energy transfer along DNA chains,1993
29173,http://tarski.cs-i.brandeis.edu:8181/data/29173/pdf.pdf,Shock_wave,Wave_propagation,Blast_wave,,,the propagation of shock waves,1956
18519,http://tarski.cs-i.brandeis.edu:8181/data/18519/pdf.pdf,Operation_Roller_Coaster,Nuclear_weapons_testing,Plutonium_in_the_environment,,,plan for action for initiating operation roller coaster,1963
1296,http://tarski.cs-i.brandeis.edu:8181/data/1296/pdf.pdf,Cardiac_output,Evans_Blue_(dye),Bleeding,,,a comparison of the radiocardiogram and evans blue dye dilution cardiac output methods,1959
32593,http://tarski.cs-i.brandeis.edu:8181/data/32593/pdf.pdf,Projectile,Penetration_(weaponry),Soil_mechanics,Terradynamics,,predictions of projectile penetration phenomena and comparison with experiments in a soil medium,1975
32338,http://tarski.cs-i.brandeis.edu:8181/data/32338/pdf.pdf,Electromagnetic_pulse,Animal_testing,Dog,,,tests of biological integrity in dogs exposed to an electromagnetic pulse environment,1978
197,http://tarski.cs-i.brandeis.edu:8181/data/197/pdf.pdf,Alanine,Theophylline,Animal_testing,Rabbit,,gamma radiation affects active electrolyte transport,1989
362,http://tarski.cs-i.brandeis.edu:8181/data/362/pdf.pdf,Nitric_oxide,Superoxide,Hydroxyl_radical,Spin_trapping,,reactions of active oxygen and nitrogen species studied by epr and spin trapping,1993
12682,http://tarski.cs-i.brandeis.edu:8181/data/12682/pdf.pdf,Operation_Hardtack_II,Atmosphere_of_Earth,Nuclear_weapons_testing,,,"operation hardtack: temperature, density, pressure of upper atmosphere during a very-high-altitude nuclear detonation",1958
18179,http://tarski.cs-i.brandeis.edu:8181/data/all/18179.pdf,Radiative_transfer,Neutron,Gamma_ray,,,"a review of calculations of radiation transport in air: theory, techniques, and computer code",1971
14099,http://tarski.cs-i.brandeis.edu:8181/data/all/14099.pdf,Radiation,Radiation_damage,System_testing,,,first european conference on radiation and its effects on devices and systems,1991
10597,http://tarski.cs-i.brandeis.edu:8181/data/all/10597.pdf,Operation_Hardtack_II,Nuclear_weapons_testing,Seismic_analysis,,,operation hardtack: ground motion produced by nuclear detonations,1958
16821,http://tarski.cs-i.brandeis.edu:8181/data/all/16821.pdf,Nuclear_weapons_testing,Atmosphere_of_Earth,Acoustic_wave,,,atmospheric propagations from a nuclear explosion,1962
20834,http://tarski.cs-i.brandeis.edu:8181/data/all/20834.pdf,Insulator_(electricity),Capacitor,Radiation,,,"radiation effects design handbook, section 3. electrical insulating materials and capacitors",1971
3585,http://tarski.cs-i.brandeis.edu:8181/data/all/3585.pdf,Barium,Scintillation_(physics),Communications_satellite,Wave_propagation,Position Location and Communication Effects Simulations,PLACES aircraft experiment test results,1982
263151,http://tarski.cs-i.brandeis.edu:8181/data/all/263151.pdf,Rocket_sled,Holloman_High_Speed_Test_Track,Ballistic_missile,,,test plan for improving guidance sled test capabilities,1972
18120,http://tarski.cs-i.brandeis.edu:8181/data/all/18120.pdf,Electromagnetic_pulse,Compton_scattering,Electric_field,Steel_building,,EMP protection for emergency operating centers,1972
162742,http://tarski.cs-i.brandeis.edu:8181/data/all/162742.pdf,Mach_reflection,Shock_wave,Shock_tube,Oscilloscope,,pressure and temperature on the wedge surface for mach reflection of strong shock waves,1970
28866,http://tarski.cs-i.brandeis.edu:8181/data/all/28866.pdf,Pinophyta,Fire,Mathematical_model,,,crown fires: final report,1982
139803,http://tarski.cs-i.brandeis.edu:8181/data/all/139803.pdf,Atmosphere_of_Earth,Atmospheric_circulation,Radioactive_contamination,Nuclear_fallout,,the role of general circulation of the atmosphere in radioactive debris transport,1972
161913,http://tarski.cs-i.brandeis.edu:8181/data/all/161913.pdf,Remote_sensing,Image_analysis,Rock_mass_classification,Nuclear_weapons_testing,,lateral variations in geologic structure and tectonic setting from remote sensing data,1983
2541,http://tarski.cs-i.brandeis.edu:8181/data/all/2541.pdf,Electromagnetic_pulse,Compton_scattering,Particle-in-cell,Maxwell's_equations,,user's manual for the dynacyl IEMP air pressure effects computer code,1976
13948,http://tarski.cs-i.brandeis.edu:8181/data/all/13948.pdf,Basalt,Geology,Physical_geography,Bed_(geology),,project buggy: preshot geologic and engineering properties investigations,1969
4610,http://tarski.cs-i.brandeis.edu:8181/data/all/4610.pdf,Integrator,Piezoelectricity,Accelerometer,Velocity,,electrical integration circuits for use with PZ accelerometers for field measurements of velocity,1976
322043,http://tarski.cs-i.brandeis.edu:8181/data/all/322043.pdf,Markov_chain,Ion,Neutralization_(chemistry),Nitrogen,,theoretical studies of atomic transitions and interatomic interactions,1971
7010,http://tarski.cs-i.brandeis.edu:8181/data/all/7010.pdf,Nuclear_weapons_testing,Operation_Nougat,Operation_Latchkey,Nevada_Test_Site,,"operations Nougat, Flintlock, Latchkey, Bowline, and Emery",1972
28339,http://tarski.cs-i.brandeis.edu:8181/data/all/28339.pdf,Nuclear_weapons_testing,Nevada_Test_Site,Dolomite_(rock),Bed_(geology),,phenomenology of contained nuclear explosions,1959
19157,http://tarski.cs-i.brandeis.edu:8181/data/all/19157.pdf,Mathematical_model,P–n_junction,Semiconductor,Radiation_sensitivity,,mathematical modeling and sensitivity analysis of radiation effects on semiconductor junctions,1970
5215,http://tarski.cs-i.brandeis.edu:8181/data/all/5215.pdf,Oscilloscope,Underground_nuclear_weapons_testing,Data_recovery,,,7912AD programmer digitizer evaluation,1986
126020,http://tarski.cs-i.brandeis.edu:8181/data/all/126020.pdf,Defense_Threat_Reduction_Agency,Iraq_War,,,,DTRA connection (periodical),August 2004
4812,http://tarski.cs-i.brandeis.edu:8181/data/all/4812.pdf,Incoherent_scatter,Ionosphere,Electron_density,Sondrestrom_Upper_Atmospheric_Research_Facility,,hiris experiment - chatanika radar results ,1977
32441,http://tarski.cs-i.brandeis.edu:8181/data/all/32441.pdf,Combustion,Explosion,Explosive,TNT,,fireball and shockwave anomalies observed in chemical explosions,1972
1540,http://tarski.cs-i.brandeis.edu:8181/data/all/1540.pdf,Explosion,Shock_wave,Detonation,,,the origin of shockwaves from spherical condensed explosions in air Part 3 The first three stages of explosion at ambient conditions,1964
263107,http://tarski.cs-i.brandeis.edu:8181/data/all/263107.pdf,Operation_Dominic,Nuclear_weapons_testing,Bhangmeter,,,Dominic - Bluestone fireball yield photography and calculations Preliminary report,1962
309805,http://tarski.cs-i.brandeis.edu:8181/data/all/309805.pdf,Nuclear_weapons_testing,Nevada_Test_Site,Nuclear_weapon,,,announced united states nuclear tests July 1945 through December 1989,1990
9177,http://tarski.cs-i.brandeis.edu:8181/data/all/9177.pdf,Soil_structure_interaction,Structural_vulnerability,Weapon_testing,Computer_simulation,,calculations of three test problems by the 3-D tranal code,1976
3223,http://tarski.cs-i.brandeis.edu:8181/data/all/3223.pdf,Rayleigh–Taylor_instability,Magnetohydrodynamics,Flow_visualization,Plasma_(physics),,hele-shaw cell experiments for simulation of structures in high-altitude plasmas,1980
31320,http://tarski.cs-i.brandeis.edu:8181/data/all/31320.pdf,Spectroscopy,Laser,Solid-state_laser,Nonlinear_optics,,bibiliography of soviet laser developments,1987
311933,http://tarski.cs-i.brandeis.edu:8181/data/all/311933.pdf,High-altitude_nuclear_explosion,Electric_flux,Operation_Fishbowl,,,measurements of artificially injected electrons from satellite 1962 beta kappa,1963
32334,http://tarski.cs-i.brandeis.edu:8181/data/all/32334.pdf,Van_Allen_radiation_belt,High-altitude_nuclear_explosion,Injun_(satellite),Telstar,,"the artificial radiation belt made on July 9, 1962",1963
36812,http://tarski.cs-i.brandeis.edu:8181/data/all/36812.pdf,Laser,Photoelectrochemical_process,Plasma_oscillation,,,phenonema at a focus in a laser system,1987
2291,http://tarski.cs-i.brandeis.edu:8181/data/all/2291.pdf,Shock_(mechanics),Wave_propagation,Computer_simulation,,,airblast experiments for the m-x spur,1978
8462,http://tarski.cs-i.brandeis.edu:8181/data/all/8462.pdf,Operation_Dominic,Nuclear_weapons_testing,Refraction,Operation_Fishbowl,Attenuation,"operation Dominic, Fish bowl series Project operator's report - Project 6.1 Fireball attenuation and refraction",1965
28065,http://tarski.cs-i.brandeis.edu:8181/data/all/28065.pdf,Climate_change,Oxygen-18,Camp_Century,Ice_core,,interpretation of our present terrestrial climatic record,1987
30738,http://tarski.cs-i.brandeis.edu:8181/data/all/30738.pdf,Nuclear_weapons_testing,UUM-125_Sea_Lance,Shock_wave,Wave_propagation,,shock strength versus range from underwater nuclear explosions,1987
4210,http://tarski.cs-i.brandeis.edu:8181/data/all/4210.pdf,Irradiation,Central_nervous_system,Radiobiology,Radiation_therapy,,"effects of central nervous system irradiation of human performance, blood pressure and emotional state",1972
22371,http://tarski.cs-i.brandeis.edu:8181/data/all/22371.pdf,Satellite,Magnetometer,Orientation_(geometry),,Combined Release and Radiation Effects Satellite,calculation and modeling of the attitude for the combined release and radiation effects satellite,1991
31229,http://tarski.cs-i.brandeis.edu:8181/data/all/31229.pdf,Seismogram,Explosion,Mantle_(geology),Seismic_wave,,discrimination studies using short-period P waves at upper mantle distances,1988
27976,http://tarski.cs-i.brandeis.edu:8181/data/all/27976.pdf,Nuclear_winter,Nuclear_warfare,Pre-emptive_nuclear_strike,Mutual_assured_destruction,,"Foreign Affairs, Summer 1985 (periodical)",1985
45011,http://tarski.cs-i.brandeis.edu:8181/data/all/45011.pdf,Reaction_rate_constant,Ionization,Uranium,Uranium_dioxide,,reactions of UO+ with atmospheric gases,1977
310961,http://tarski.cs-i.brandeis.edu:8181/data/all/310961.pdf,Defense_Threat_Reduction_Agency,,,,,history of the defense threat reduction information analysis center,
34898,http://tarski.cs-i.brandeis.edu:8181/data/all/34898.pdf,Shock_wave,Pressure_measurement,Explosion,Nuclear_weapons_testing,,mabs monograph airblast instrumentation 1943-1993,1995
12378,http://tarski.cs-i.brandeis.edu:8181/data/all/12378.pdf,Operation_Teapot,Gamma_ray,Nevada_Test_Site,,,operation Teapot gamma radiation as a function of distance Project 13.3a,1955
4891,http://tarski.cs-i.brandeis.edu:8181/data/all/4891.pdf,Reinforced_concrete,Bunker,Structural_load,,,critical loads for reinforced concrete bunkers,1977
8754,http://tarski.cs-i.brandeis.edu:8181/data/all/8754.pdf,Nevada_Test_Site,Nuclear_weapons_testing,Weapon_testing,Microbarometer,Atmospheric_pressure,project Danny Boy Nevada test site long range air-blast measurements and interpretations,1962
129571,http://tarski.cs-i.brandeis.edu:8181/data/all/129571.pdf,Computer_simulation,Radiation,UNIVAC,System_testing,,damage analysis of local operating systems,1979
329357,http://tarski.cs-i.brandeis.edu:8181/data/all/329357.pdf,Weapon_of_mass_destruction,Adaptability,Adaptation_(computer_science),Cascading_failure,,mathematical approaches to WMD defense and vulnerability assessments of dynamic networks,2016
13961,http://tarski.cs-i.brandeis.edu:8181/data/all/13961.pdf,Geomechanics,Granite,Hoggar_Mountains,Nuclear_weapons_testing,,"a review of geomechanics data from french nuclear explosions in the hoggar granite, with some comparisons to tests in U.S. granite",1983
286657,http://tarski.cs-i.brandeis.edu:8181/data/all/286657.pdf,Pressure,Thermal_expansion,Porous_medium,Cathode_ray,,measurement of isochoric pressure-energy relations for porous materials Part I Stress-matching technique and reference material results,1976
30981,http://tarski.cs-i.brandeis.edu:8181/data/all/30981.pdf,Ground_burst,List_of_materials_properties,Explosive,Alluvium,,materials properties test 2 (mp-2) review and final data analysis,1987
5355,http://tarski.cs-i.brandeis.edu:8181/data/all/5355.pdf,Military_strategy,Training,Military_doctrine,Battlefield,,integrated battlefield effects research for the national training center,1984
44853,http://tarski.cs-i.brandeis.edu:8181/data/all/44853.pdf,Satellite,Vulnerability_assessment,Electromagnetic_pulse,,,SKYNET applications software package (SASP) operator's and user's handbook,1977
12229,http://tarski.cs-i.brandeis.edu:8181/data/all/12229.pdf,Operation_Plumbbob,Nevada_Test_Site,Neutron_temperature,Soil_test,,operation Plumbbob project 2.2 neutron-induced activities in soil elements,1959
31302,http://tarski.cs-i.brandeis.edu:8181/data/all/31302.pdf,Laser,Pressure,Impulse_(physics),,,survey of laser-produced pressure and impulse data,1987
255902,http://tarski.cs-i.brandeis.edu:8181/data/all/255902.pdf,Radio_frequency,Radiation,Acute_radiation_syndrome,Tissue_(biology),,radio frequency radiation hazards to personnel,1968
28081,http://tarski.cs-i.brandeis.edu:8181/data/all/28081.pdf,MIT_Lincoln_Laboratory,Extremely_low_frequency,Wideband,,,description of the Lincoln laboratory wideband ELF noise recording systems,1972
3182,http://tarski.cs-i.brandeis.edu:8181/data/all/3182.pdf,Knowledge_acquisition,Electromechanics,Knowledge_base,,,a knack for knowledge acquisition,1987
139411,http://tarski.cs-i.brandeis.edu:8181/data/all/139411.pdf,Air_Resources_Laboratory,Idaho_National_Laboratory,Solar_balloon,Atmosphere_of_Earth,,atmospheric transport and diffusion in the planetary boundary layer,1967
125789,http://tarski.cs-i.brandeis.edu:8181/data/all/125789.pdf,Ammonium_perchlorate,Crystal,Deformation_(engineering),,,relating deformations to hot spots in shock-loaded crystals of ammonium perchlorate,1991
12172,http://tarski.cs-i.brandeis.edu:8181/data/all/12172.pdf,Operation_Wigwam,Warhead,Detonator,Explosive,,operation Wigwam project 4.2 weapons assembly,1955
18259,http://tarski.cs-i.brandeis.edu:8181/data/all/18259.pdf,Radiobiology,Bikini_Atoll,Enewetak_Atoll,Nuclear_weapons_testing,,"Bikini-Eniwetok studies, 1964 Part I. Ecological observations.",1966
330590,http://tarski.cs-i.brandeis.edu:8181/data/all/330590.pdf,Operation_Dominic,Nuclear_weapons_testing,High_frequency,Communications_system,,"operation Dominic, Fish bowl series Project officer's report - project 6.11 HF communications experiment",1964
30291,http://tarski.cs-i.brandeis.edu:8181/data/all/30291.pdf,Radiation,Nuclear_fallout,Meteorology,,,pre-meeting reading material for 12 and 13 july 1960 meeting of weapons effects board (FWERB) panel on residual radiation and fallout,1960
13735,http://tarski.cs-i.brandeis.edu:8181/data/all/13735.pdf,Density_of_air,Nuclear_weapons_testing,Atmospheric_pressure,,,estimates of air column density evolution behind strong airblasts,1982
4966,http://tarski.cs-i.brandeis.edu:8181/data/all/4966.pdf,Satellite,Communications_satellite,Signal_processing,,,comparison of signal scintillation models,1978
2759,http://tarski.cs-i.brandeis.edu:8181/data/all/2759.pdf,Concrete,Mathematical_optimization,Levenberg–Marquardt_algorithm,Properties_of_concrete,,a parameter estimation algorithm and extensive numerical simulations for the cap model,1985
12418,http://tarski.cs-i.brandeis.edu:8181/data/all/12418.pdf,Operation_Redwing,Nuclear_fallout,Water_quality,Mooring_(oceanography),,operation Redwing project 2.62a fallout studies by oceanographic methods,1956
30544,http://tarski.cs-i.brandeis.edu:8181/data/all/30544.pdf,Nuclear_warfare,Systems_analysis,Resource_management,Crisis_management,,enhancing the potential for postattack recovery final report,1986
20800,http://tarski.cs-i.brandeis.edu:8181/data/all/20800.pdf,Project_Plowshare,Nuclear_fission,Nuclear_fuel,Nuclear_explosion,,plowshare technology assessment. the nuclear device,1973
30193,http://tarski.cs-i.brandeis.edu:8181/data/all/30193.pdf,Weapon_of_mass_destruction,Space_weapon,Space_warfare,Strategic_Defense_Initiative,,the soviet union and the strategic defense initiative: preliminary findings and impressions,1986
9840,http://tarski.cs-i.brandeis.edu:8181/data/all/9840.pdf,Salmon_Site,Nuclear_weapons_testing,Ionizing_radiation,,,vela uniform program Sterling event,1968
30931,http://tarski.cs-i.brandeis.edu:8181/data/all/30931.pdf,Nutrient,Drinking,Human_subject_research,,,effects of a NBC nutrient solution on physiological and psychological status during sustained activity in the heat,1987
35565,http://tarski.cs-i.brandeis.edu:8181/data/all/35565.pdf,Physical_security,Radiometer,Security,,,development and tests of a low cost passive millimeter wave sensor,1997
19588,http://tarski.cs-i.brandeis.edu:8181/data/all/19588.pdf,Construction,Vulnerability,Nuclear_warfare,Infrastructure,,the construction industry: vulnerability to nuclear attack and postattack capabilities,1972
39280,http://tarski.cs-i.brandeis.edu:8181/data/all/39280.pdf,Croatia,National_Security_Personnel_System,,,,DTRA connection (periodical),April 2005
400,http://tarski.cs-i.brandeis.edu:8181/data/all/400.pdf,Structural_integrity_and_failure,Detonation,Instability,Structural_support,,structural instability under time-dependent loads,1958
817,http://tarski.cs-i.brandeis.edu:8181/data/all/817.pdf,Vegetation,Radiosensitivity,Perennial_plant,Nuclear_weapons_testing,,"radiosensitivity of certain perennial shrub species based on a study of the nuclear excavation experiment, Palanquin, with other observations of effects on the vegetation",1969
366,http://tarski.cs-i.brandeis.edu:8181/data/all/366.pdf,Gamma_ray,Animal_testing,Guinea_pig,Hippocampus,,gamma radiation (5-10 gy) impairs neuronal function in the guinea pig hippocampus,1993
4899,http://tarski.cs-i.brandeis.edu:8181/data/all/4899.pdf,Fluid–structure_interaction,Numerical_stability,Asymptotic_analysis,,,staggered solution procedures for doubly asymptoptic fluid-structure interaction analysis,1978
6373,http://tarski.cs-i.brandeis.edu:8181/data/all/6373.pdf,Thyristor,Gallium_arsenide,Radiation,Electromagnetic_pulse,,radiation response of optically-triggered GaAs thyristors,1998
2736,http://tarski.cs-i.brandeis.edu:8181/data/all/2736.pdf,Transient_response,Shock_wave,Structural_integrity_and_failure,,,nonlinear transient shock response analysis for submerged shell structures,1980
2328,http://tarski.cs-i.brandeis.edu:8181/data/all/2328.pdf,Nuclear_fallout,Vulnerability,Nuclear_weapons_testing,Nevada_Test_Site,,mx mps deployment an on-site fallout evaluation,1978
299855,http://tarski.cs-i.brandeis.edu:8181/data/all/299855.pdf,Backscatter,Rutherford_backscattering_spectrometry,Semiconductor,,,analysis of semiconductor structures by nuclear and electrical techniques,1973
2365,http://tarski.cs-i.brandeis.edu:8181/data/all/2365.pdf,Boundary_layer,Wind_tunnel,Atmospheric_entry,,,boundary layer measurement program volume I - boundary layer acoustic monitor development characterization and installation,1978
2673,http://tarski.cs-i.brandeis.edu:8181/data/all/2673.pdf,Animal_testing,Radiation_burn,Rat,Ionizing_radiation,,genetic markers of host resistance and/or susceptibility to the lethal effects of radiation and combined radiation-burn injuries,1985
9464,http://tarski.cs-i.brandeis.edu:8181/data/all/9464.pdf,Nuclear_weapons_testing,Pressure,Ionizing_radiation,Salmon_Site,,salmon event feasibility of cavity pressure and temperature measurements for a decoupled nuclear explosion,1965
8212,http://tarski.cs-i.brandeis.edu:8181/data/all/8212.pdf,Mesosphere,High-altitude_nuclear_explosion,Air_Force_Research_Laboratory,,,project cochise: concept and status,1973
12638,http://tarski.cs-i.brandeis.edu:8181/data/all/12638.pdf,Operation_Hardtack_II,Radiation,Housing_in_Japan,,,operation Hardtack: attentuation of weapons radiation: application to Japanese houses,
907,http://tarski.cs-i.brandeis.edu:8181/data/all/907.pdf,Chapman–Jouguet_condition,Explosive,Detonation,,,production of strongly overdriven plane detonation waves in condensed explosives,1965
9401,http://tarski.cs-i.brandeis.edu:8181/data/all/9401.pdf,Project_Shoal,Nuclear_weapons_testing,Shoal,,,project Shoal: analysis of shoal data on ground motion and containment,1964
27853,http://tarski.cs-i.brandeis.edu:8181/data/all/27853.pdf,Alluvium,List_of_materials_properties,Nevada_Test_Site,,,high-pressure mechanical properties of merlin alluvium,1972
31163,http://tarski.cs-i.brandeis.edu:8181/data/all/31163.pdf,Computational_fluid_dynamics,Blast_wave,Simulation,Valve,,valve opening time requirements for LB/TS,1988
298537,http://tarski.cs-i.brandeis.edu:8181/data/all/298537.pdf,Loess,Safety_testing_of_explosives,Explosive,Waterways_Experiment_Station,,effects of explosions in shallow water,1953
11137,http://tarski.cs-i.brandeis.edu:8181/data/all/11137.pdf,Operation_Redwing,Drag_(physics),Drag_coefficient,,,operation Redwing project 1.6 drag loading on model targets,1959
12327,http://tarski.cs-i.brandeis.edu:8181/data/all/12327.pdf,Operation_Upshot–Knothole,Ionizing_radiation,Drug,Potency_(pharmacology),,"operation Upshot-knothole: exposure of drugs to nuclear explosions, project 22.4",1953
32576,http://tarski.cs-i.brandeis.edu:8181/data/all/32576.pdf,Nevada_Test_Site,Nuclear_weapons_testing,Surface_rupture,,,blanca - a study of the maximum vertical earth motion of the mesa slope,1960
329944,http://tarski.cs-i.brandeis.edu:8181/data/all/329944.pdf,Operation_Plumbbob,Nuclear_weapons_testing,Nevada_Test_Site,Shock_wave,,"operation Plumbbob technical summary of military effects, programs 1-9",1962
4826,http://tarski.cs-i.brandeis.edu:8181/data/all/4826.pdf,Calibration,Pressure,Stress_(mechanics),Phase_transition,,in situ stress gauge calibration,1977
5159,http://tarski.cs-i.brandeis.edu:8181/data/all/5159.pdf,Nuclear_winter,Nuclear_warfare,Nuclear_strategy,,,"implications of the ""nuclear winter"" thesis",1985
44,http://tarski.cs-i.brandeis.edu:8181/data/all/44.pdf,Infection,Sepsis,Aminoglycoside,Acute_radiation_syndrome,,oral aminoglycoside and ofloxacin therapy in the prevention of gram-negative sepsis after irradiation,1991
258287,http://tarski.cs-i.brandeis.edu:8181/data/all/258287.pdf,Airglow,Interferometry,Radiometry,Boeing_KC-135_Stratotanker,,aircraftborne instrumentation for airglow survey,1971
17927,http://tarski.cs-i.brandeis.edu:8181/data/all/17927.pdf,Digital_filter,Wiener_filter,Explosion,Filter_design,,digital filters for explosion effects analysis,1971
13242,http://tarski.cs-i.brandeis.edu:8181/data/all/13242.pdf,Operation_Redwing,Boeing_B-52_Stratofortress,Nuclear_weapons_testing,Flight_test,,operation Redwing project 5.2 in-flight participation of a B-52,
12623,http://tarski.cs-i.brandeis.edu:8181/data/all/12623.pdf,Nuclear_weapons_testing,Operation_Greenhouse,Enewetak_Atoll,Wind_speed,,operation Greenhouse measurement of surface-air movements associated with atomic blasts,1951
23980,http://tarski.cs-i.brandeis.edu:8181/data/all/23980.pdf,Detonation,Shock_tube,Fire,,,blast effects on fires,1980
18235,http://tarski.cs-i.brandeis.edu:8181/data/all/18235.pdf,Survivability,Sustainability,Redundancy_(engineering),Command_center,,"hardness, mobility, dispersion, redundancy and mission effectiveness under nuclear attack",1972
37474,http://tarski.cs-i.brandeis.edu:8181/data/all/37474.pdf,Eye_injury,Laser,Light,Retina,,ocular thermal injury from intense light,1982
4705,http://tarski.cs-i.brandeis.edu:8181/data/all/4705.pdf,Radar,Ionosphere,Electron_density,Electric_field,,icecap '75 -- Chatanika radar results,1976
27342,http://tarski.cs-i.brandeis.edu:8181/data/all/27342.pdf,Chlorofluorocarbon,Atmosphere_of_Earth,Ozone_depletion,Skin_cancer,,biologically damaging radiation amplified by ozone depletions,1981
27855,http://tarski.cs-i.brandeis.edu:8181/data/all/27855.pdf,Agriculture,Nuclear_warfare,Survivability,Nuclear_fallout,,food and agriculture against nuclear attack A guide for agricultural leaders,
255188,http://tarski.cs-i.brandeis.edu:8181/data/all/255188.pdf,Beryllium,Gamma_ray,Neutron,Elastic_scattering,,evaluated neutron-interaction and gamma-ray production cross sections of 9Be for the Defense Nuclear Agency working cross-section library,1972
26558,http://tarski.cs-i.brandeis.edu:8181/data/all/26558.pdf,Grout,Concrete,Stress–strain_analysis,Thermal_expansion,,investigation of expanding grout and concrete,1973
260230,http://tarski.cs-i.brandeis.edu:8181/data/all/260230.pdf,Ion,Sodium,Potassium,Chemical_reaction,,low energy interaction studies by a merging beams technique,1969
329713,http://tarski.cs-i.brandeis.edu:8181/data/all/329713.pdf,Nuclear_fallout,Operation_Castle,Marshall_Islands,Nuclear_weapons_testing,,operation Castle project 4.1 addendum exposure of Marshall islanders and American military personnel to fallout,1957
30868,http://tarski.cs-i.brandeis.edu:8181/data/all/30868.pdf,Electron_optics,Particle_beam,Space_charge,,,beam optics test stand,1988
13256,http://tarski.cs-i.brandeis.edu:8181/data/all/13256.pdf,Operation_Teapot,Nuclear_weapons_testing,Radiation_protection,Sensor,,operation Teapot project 6.1.1b evaluation of a radiological defense warning system (project Cloudburst),1957
10599,http://tarski.cs-i.brandeis.edu:8181/data/all/10599.pdf,Operation_Hardtack_II,Structural_load,Pressure,Deformation_(mechanics),,operation Hardtack project 1.9 Loading on buried simulated structures in high-overpressure regions ,1961
16956,http://tarski.cs-i.brandeis.edu:8181/data/all/16956.pdf,Operation_Dominic,Nuclear_weapons_testing,Photography,Bhangmeter,,Dominic - Truckee fireball yield photography and calculations preliminary report,1964
125582,http://tarski.cs-i.brandeis.edu:8181/data/all/125582.pdf,Nuclear_weapons_testing,Autoignition_temperature,Chemical_kinetics,Mathematical_model,,the variation of the ignition temperature of solid explosives as a function of heating rate,1993
162673,http://tarski.cs-i.brandeis.edu:8181/data/all/162673.pdf,Wave_propagation,Mathematical_model,List_of_materials_properties,,,a discrete Eulerian model for spherical wave propagation in compressible media,1968
340,http://tarski.cs-i.brandeis.edu:8181/data/all/340.pdf,Hyperthermia,Superoxide_dismutase,Rat,Animal_testing,,involvement of superoxide dismutase and glutathione peroxidase in attenuation of radiation-induced hyperthermia by interleukin-1a in rats,
18373,http://tarski.cs-i.brandeis.edu:8181/data/all/18373.pdf,Semiconductor,Electrical_resistivity_and_conductivity,Silicon,Integrated_circuit,,"methods of measurement for semiconductor materials, process control, and devices",1972
2247,http://tarski.cs-i.brandeis.edu:8181/data/all/2247.pdf,ILLIAC_IV,Fluid_dynamics,Radiation,Radiative_transfer,,conversion of the dragnet code to the illiac IV,1974
299231,http://tarski.cs-i.brandeis.edu:8181/data/all/299231.pdf,Video_camera_tube,Infrared,Schottky_diode,Optics,,infrared vidicon development,1974
26647,http://tarski.cs-i.brandeis.edu:8181/data/all/26647.pdf,Defense_Threat_Reduction_Agency,,,,,DTRA Connection (periodical),2003
20340,http://tarski.cs-i.brandeis.edu:8181/data/all/20340.pdf,Nuclear_weapons_testing,Combustion,Test_method,,,ignition of materials by large yield nuclear weapons for various burst heights and atmospheric conditions,1963
